Workbook

Sheet Products
D5: ASSIGNMENT 2(VLOOKUP)
D7: PRODUCTS SHEET
G8: Qno.3 | H8: Qno.6
D9: ProductID | E9: Product Name | F9: Price | G9: Found! | H9: Ordered!
D10: 101 | E10: Product A | F10: 120 | G10: =IF(ISNA(VLOOKUP(Orders!F10,Products!$D$9:$F$17,1,0)), "NOT FOUND","FOUND") -> FOUND | H10: =IF(ISNA(VLOOKUP(Orders!F10,Products!$D$9:$G$17,1,0))," Not Ordered","Ordered") -> Ordered
D11: 102 | E11: Product B | F11: 150 | G11: =IF(ISNA(VLOOKUP(Orders!F11,Products!$D$9:$F$17,1,0)), "NOT FOUND","FOUND") -> FOUND | H11: =IF(ISNA(VLOOKUP(Orders!F11,Products!$D$9:$G$17,1,0))," Not Ordered","Ordered") -> Ordered
D12: 103 | E12: Product C | F12: 200 | G12: =IF(ISNA(VLOOKUP(Orders!F12,Products!$D$9:$F$17,1,0)), "NOT FOUND","FOUND") -> FOUND | H12: =IF(ISNA(VLOOKUP(Orders!F12,Products!$D$9:$G$17,1,0))," Not Ordered","Ordered") -> Ordered
D13: 104 | E13: Product D | F13: 90 | G13: =IF(ISNA(VLOOKUP(Orders!F13,Products!$D$9:$F$17,1,0)), "NOT FOUND","FOUND") -> FOUND | H13: =IF(ISNA(VLOOKUP(Orders!F13,Products!$D$9:$G$17,1,0))," Not Ordered","Ordered") -> Ordered
D14: 105 | E14: Product E | F14: 220 | G14: =IF(ISNA(VLOOKUP(Orders!F14,Products!$D$9:$F$17,1,0)), "NOT FOUND","FOUND") -> FOUND | H14: =IF(ISNA(VLOOKUP(Orders!F14,Products!$D$9:$G$17,1,0))," Not Ordered","Ordered") -> Ordered
D15: 106 | E15: Product F | F15: 130 | G15: =IF(ISNA(VLOOKUP(Orders!F15,Products!$D$9:$F$17,1,0)), "NOT FOUND","FOUND") -> FOUND | H15: =IF(ISNA(VLOOKUP(Orders!F15,Products!$D$9:$G$17,1,0))," Not Ordered","Ordered") -> Ordered
D16: 107 | E16: Product G | F16: 500 | G16: =IF(ISNA(VLOOKUP(Orders!F16,Products!$D$9:$F$17,1,0)), "NOT FOUND","FOUND") -> NOT FOUND | H16: =IF(ISNA(VLOOKUP(Orders!F16,Products!$D$9:$G$17,1,0))," Not Ordered","Ordered") -> Not Ordered
D17: 108 | E17: Product H | F17: 700 | G17: =IF(ISNA(VLOOKUP(Orders!F17,Products!$D$9:$F$17,1,0)), "NOT FOUND","FOUND") -> NOT FOUND | H17: =IF(ISNA(VLOOKUP(Orders!F17,Products!$D$9:$G$17,1,0))," Not Ordered","Ordered") -> Not Ordered

Sheet Orders
E7: ORDERS
H8: Qno.2 | I8: Qno.1 | J8: Qno.4
E9: OrderID | F9: ProductID | G9: Quantity | H9: Order Value | I9: Product name | J9: Discounted amount | K9: Discounted price | L9: Total Amount
E10: 1 | F10: 101 | G10: 2 | H10: =G10*VLOOKUP(F10,Products!$D$9:$F$15,3,0) -> 240 | I10: =VLOOKUP(F10,Products!$D$9:$F$15,2,0) -> Product A | J10: =VLOOKUP(F10,Products!$D$9:$F$17,3,0)*0.1 -> 12 | K10: =VLOOKUP(F10,Products!$D$9:$F$17,3,0) -Orders!J10 -> 108 | L10: =K10*G10 -> 216
E11: 2 | F11: 103 | G11: 1 | H11: =G11*VLOOKUP(F11,Products!$D$9:$F$15,3,0) -> 200 | I11: =VLOOKUP(F11,Products!$D$9:$F$15,2,0) -> Product C | J11: =VLOOKUP(F11,Products!$D$9:$F$17,3,0)*0.1 -> 20 | K11: =VLOOKUP(F11,Products!$D$9:$F$17,3,0) -Orders!J11 -> 180 | L11: =K11*G11 -> 180
E12: 3 | F12: 105 | G12: 4 | H12: =G12*VLOOKUP(F12,Products!$D$9:$F$15,3,0) -> 880 | I12: =VLOOKUP(F12,Products!$D$9:$F$15,2,0) -> Product E | J12: =VLOOKUP(F12,Products!$D$9:$F$17,3,0)*0.1 -> 22 | K12: =VLOOKUP(F12,Products!$D$9:$F$17,3,0) -Orders!J12 -> 198 | L12: =K12*G12 -> 792
E13: 4 | F13: 106 | G13: 3 | H13: =G13*VLOOKUP(F13,Products!$D$9:$F$15,3,0) -> 390 | I13: =VLOOKUP(F13,Products!$D$9:$F$15,2,0) -> Product F | J13: =VLOOKUP(F13,Products!$D$9:$F$17,3,0)*0.1 -> 13 | K13: =VLOOKUP(F13,Products!$D$9:$F$17,3,0) -Orders!J13 -> 117 | L13: =K13*G13 -> 351
E14: 5 | F14: 102 | G14: 5 | H14: =G14*VLOOKUP(F14,Products!$D$9:$F$15,3,0) -> 750 | I14: =VLOOKUP(F14,Products!$D$9:$F$15,2,0) -> Product B | J14: =VLOOKUP(F14,Products!$D$9:$F$17,3,0)*0.1 -> 15 | K14: =VLOOKUP(F14,Products!$D$9:$F$17,3,0) -Orders!J14 -> 135 | L14: =K14*G14 -> 675
E15: 6 | F15: 104 | G15: 6 | H15: =G15*VLOOKUP(F15,Products!$D$9:$F$15,3,0) -> 540 | I15: =VLOOKUP(F15,Products!$D$9:$F$15,2,0) -> Product D | J15: =VLOOKUP(F15,Products!$D$9:$F$17,3,0)*0.1 -> 9 | K15: =VLOOKUP(F15,Products!$D$9:$F$17,3,0) -Orders!J15 -> 81 | L15: =K15*G15 -> 486
H16: Qno.5
H17: MAXorder value
H18: =MAX(H10:H15) -> 880

Sheet Sheet3
